,Training time,Training loss,Training accuracy,Testing accuracy,Number of model parameters
VGG1,10.173842100000002,0.43168145418167114,83.74999761581421,60.00000238418579,23041153
VGG3,68.5939496,0.4643992781639099,74.37499761581421,69.9999988079071,5401921
VGG3_augmented,65.54307010000002,0.5509219169616699,75.62500238418579,77.49999761581421,5401921
VGG16,325.5021497,0.14873230457305908,96.875,94.9999988079071,15763521
our_MLP,4.86223700000005,0.7373151183128357,50.62500238418579,52.49999761581421,73974785
